0,1,2
0x00c7a37b03690fb9f41b5c5af8131735c7275446.sol,0.6.6,AccessControlledAggregator
0x026d4b8d693f6c446782c2c61ee357ec561dfb61.sol,0.5.16,TimelockGovernance
0x04918f1071594af602f937f6a444b5f5787786ed.sol,0.6.12,ADXToken
0x06A7689149cf04DacFDE555d1e1EAD7dD7370316.sol,0.6.6,AccessControlledAggregator
0x06f321e9a70d7c1fce735fd0a312dad7083b6a66.sol,0.4.19,FireToken
0x0936921033fa797ca46db4a06a977c346f181832.sol,0.4.24,DFS
0x0a2539a614E28ddDD02ebF396D2611B4f7d552FC.sol,0.6.6,AccessControlledAggregator
0x0A3ec7050884F00B5D9b11131De59DCed0fAFeDB.sol,0.6.6,AccessControlledAggregator
0x0a9308e51504365675fbfaa59f236bdf20497d5c.sol,0.5.8,Jamiecoin
0x0b2d2b5e550f77ee125d3898ead74331ccf1da76.sol,0.5.11,EtherDie
0x0bb9196a14403d9494bd2464cd78714bfc54a4e6.sol,0.4.18,NEWToken
0x0F57f7Fd130762B7aBb2118761C31E6fFB4A89eA.sol,0.4.19,YJYToken
0x14160d16306280875bbdc8130c269961eb00137f.sol,0.5.16,TimelockGovernance
0x1692c3e022a4d20e017040a96d6c1a900cf3f634.sol,0.4.19,ExRPiToken
0x174b0b72ca036b0b64f190ed83630751195d3362.sol,0.6.6,AccessControlledAggregator
0x1bf7e34dcb621ae2efa48aa71c704f7c2144e6ab.sol,0.4.19,LYT
0x1c8E3d04d04EceEbC6cE5925e7E715d6195f0189.sol,0.5.11,TATN
0x1ebf2ce66a19f372ea242902e1b5fbcbd4006656.sol,0.5.16,QRPal
0x1ecb25dffce3cd2824b446e2e7e9d3f48b6f9c90.sol,0.4.19,HBToken
0x204A6FE11De66aa463879f47F3533Dd87d47020D.sol,0.6.6,AccessControlledAggregator
0x20aff4833e5D261bB34BC3980d88aD17A3FE90Dc.sol,0.6.6,AccessControlledAggregator
0x20e5646882c4f66bbf8ce80f1abdd2ea65de128e.sol,0.4.19,TshToken
0x220f3164be02f0a89dfddf48f5cbf30c60dbd512.sol,0.4.19,ToiletPaperToken
0x23952a3517fb1a6f8577afe58965a2f041c27798.sol,0.5.16,QRPal
0x24bdd87f2c286025e0eb84e4f919d48f000d301b.sol,0.5.13,Yineu
0x25076a5bc8e04bbcf1f087a672871a91a5c3f4fe.sol,0.4.19,T3Token
0x27dba635cd3ebcf734e079284352b16c3888216d.sol,0.4.16,BitfreeCash
0x2A88696e0fFA76bAA1338F2C74497cC013495922.sol,0.5.2,WithdrawManagerProxy
0x2b6dd33b57579d93f0fb799abbc47e16d589a024.sol,0.5.7,Views
0x2d0e1e2f053c5bf8b2b8237e6eb397988a412f23.sol,0.4.19,IP
0x3146392934Da3AE09447CD7Fe4061d8aa96B50ae.sol,0.6.6,AccessControlledAggregator
0x31d3a8ac24ba0eda71b600174bfcc59b37036e3c.sol,0.4.19,RavencoinGold
0x3351346919e51f848fbde90d01e549c63c3c658d.sol,0.5.16,QRPal
0x33c11111f95fb16f991316afbd2892a62c148899.sol,0.4.25,Tradecoin
0x360625ba7bce57f74eb5501fd2b75db8f85a85d8.sol,0.6.12,ADXToken
0x3621c85a4F3A4dCFF575550C5e1916b9bA4aeebd.sol,0.4.24,PermittedStables
0x37ae802d617f856d225739435d20700c83fd50ad.sol,0.4.18,SanyToken
0x37ee79e0b44866876de2fb7f416d0443dd5ae481.sol,0.5.11,Tatcoin
0x3844f41847767e4F31C029aF9b44c55bbeEEdEeB.sol,0.6.6,AccessControlledAggregator
0x3a46433457ffb7369549b6cdc990a4dab56901b2.sol,0.4.19,Forsage
0x3a6e27b663593E34a7FB80bA9544d9E8BAbdF001.sol,0.6.6,AccessControlledAggregator
0x3a82d3111ab5faf39d847d46023d9090261a658f.sol,0.5.0,TycoonToken
0x3aaFb0E5b57bb19D02FcB6656059B34d8E79471f.sol,0.6.6,AccessControlledAggregator
0x3b7b06c5e82056844eac175e0be1ceca340fc8e1.sol,0.4.19,NewCentralObjectToken
0x3cee283d4095083b356c000e9c0d80370d44f34d.sol,0.5.8,ReliveCoin
0x3E66B66Fd1d0b02fDa6C811Da9E0547970DB2f21.sol,0.5.12,ExchangeProxy
0x40eed904c4e637277f82be7f0d20b2424005481e.sol,0.4.24,Token
0x4170994b13bdf467a14b70976ebdda4e28765139.sol,0.4.19,EXU
0x42566cfefc853c232117eba4413e45782a72715d.sol,0.5.12,KriosToken
0x42Dec4a0882756497DB9843a556a55dcd70b1995.sol,0.6.6,AccessControlledAggregator
0x442e735978155ed54ab19201ec834bb519f60168.sol,0.4.21,BSX
0x44d75419ca3681c5faa4b18ecfb2d078f5eb6fa8.sol,0.5.16,QRPal
0x460DE59c7768e7ff17939F01Cb84F965c4E88266.sol,0.6.6,AccessControlledAggregator
0x479c4e4fd7801c08438f2180cf724c6236013b28.sol,0.4.18,Token
0x47ac1f5127f6629bbe8bf88ee402bf027f8a7624.sol,0.4.25,RedAnbu
0x4846c6837ec670bbd1f5b485471c8f64ecb9c534.sol,0.6.12,Staking
0x4980729f4db4649d1575e8579079a3e4d30f37cd.sol,0.4.19,CBCToken
0x4A03707a1bfeFc2836A69B1A6A6bd752270041A9.sol,0.6.6,AccessControlledAggregator
0x4A75bfa5B740263e88655a3e1e78892bfc7b036a.sol,0.6.6,AccessControlledAggregator
0x4ac126a176d4691e855ee9a57b7e3783bb911046.sol,0.4.13,EVVToken
0x4c969A8Fe3e79Ce8AEB9f40E4406385A36c11112.sol,0.4.21,simpleToken
0x4D37fCE35e69C0368565CcbB53d6eA7558a964A1.sol,0.6.0,InstaMemory
0x4e12eb8e506ccd1427f6b8f7faa3e88fb698eb28.sol,0.5.13,JackToken
0x4Fa0655c09E0b5B2F50F1bd861B2d9BC63ccBBCB.sol,0.6.6,AccessControlledAggregator
0x50e5fbf6f1d3151d3402b537a99f6a1a267c4a6d.sol,0.4.16,CEXToken
0x537f20db32a2da3252ddcc922add95c69711dcf1.sol,0.4.19,YPS
0x57cee661e57b065fff13f7fa31bc08b6e2351225.sol,0.4.19,GoldPoolToken
0x59ba55DcdA0EFF6D7F20345DdC390c16f89516a3.sol,0.4.19,AGCToken
0x5a35eea4eb5b6ceecaf819d922808ed1a61dbf23.sol,0.5.16,EchoStakeToken
0x5dee66ede6802a4f33558edf936414a28266e86c.sol,0.4.24,TNB
0x6269d593fb1c445067f3bd11e244de71e7de0286.sol,0.4.26,RTToken
0x62d6a4aed6a0e522801cc913d01df08fe3c70bfb.sol,0.4.13,OratorToken
0x65743d807839d4a9a0d7986a09d12698d6138766.sol,0.4.24,PermittedPools
0x6666fC23AE6C26e8500cCD55A870cD4eDe49202c.sol,0.4.24,PermittedConverts
0x7928306d54cd1e099789f06edb3b49afd6f3de51.sol,0.5.16,QRPal
0x7ce0095edc386f4109a103a8e951edfc1985ba07.sol,0.4.19,BoToken
0x807468b1Ae1f2EE24Ab9D8553DCfe7420Cb8515e.sol,0.4.21,StandardToken
0x810908B285f85Af668F6348cD8B26D76B3EC12e1.sol,0.4.18,Token
0x81fed69cf8182742cce88214ed8b166f5150dfc4.sol,0.4.19,IPEC
0x843a35972a9ef805733489b1d5b0e678cb2f25d7.sol,0.4.19,LOVEBusinessCoin
0x84E42CF61A1e87F1DD2b11da9A2831C8745371D9.sol,0.6.6,AccessControlledAggregator
0x86097c2bfd566cd07470a59da3ba9df8df77cfd1.sol,0.5.12,KriosToken
0x87CFEA02C8322653a7335C6f72Be19ce54ECbFb5.sol,0.6.6,AccessControlledAggregator
0x88F65097BA6E10F25E93bf41987f9416BBB303eB.sol,0.5.2,StakeManagerProxy
0x8a5419CfC711B2343c17a6ABf4B2bAFaBb06957F.sol,0.6.0,InstaMemory
0x8bD3feF1abb94E6587fCC2C5Cb0931099D0893A0.sol,0.6.6,AccessControlledAggregator
0x8cDE021F0BfA5f82610e8cE46493cF66AC04Af53.sol,0.6.6,AccessControlledAggregator
0x8d3b67372d7c1d9682e33cd7e75330d42f416ab5.sol,0.5.16,QRPal
0x8e1BB728b37832754A260D99B5467fE6d164c068.sol,0.6.6,AccessControlledAggregator
0x8e20ab96dc76d8c7db609654afef900c2cf432f9.sol,0.4.19,SKYUC
0x8eb58b6239cc369ef8bf0bc5f41d8b5aac5f8b90.sol,0.5.11,EtherDie
0x8f71c9c583248A11CAcBbC8FD0D5dFa483D3b109.sol,0.6.6,AccessControlledAggregator
0x93d7bBf4CF42bDA5Bb86EaDFad09271040cc10e8.sol,0.6.6,AccessControlledAggregator
0x99bcd209b97d31f363afe65cc46dd47ed7bb2c4a.sol,0.4.26,CPEXToken
0x9BB674bDd5190E27aF0d72fEB38447c101A3540b.sol,0.6.6,AccessControlledAggregator
0x9c5c6a8c368e948f63bff3d132492efa01f7ff96.sol,0.4.18,nDEXProtocolToken
0x9ddd491580cc24570a704a5c22108fd2c3d27328.sol,0.4.13,EVVToken
0x9e95a00ef2b580130c535aa9900bd2dfb6addb8c.sol,0.6.0,InstaMemory
0xa10740ff9ff6852eac84cdcff9184e1d6d27c057.sol,0.5.8,ERC20
0xa6568163066d59ac6b23171a4fcba0b959816e13.sol,0.4.19,JSToken
0xa74d03419e4535cf43d87518d34a7485cd911ee6.sol,0.4.24,BCT
0xa7705ba697c1afe0429be6bcf8192af1ba8768a9.sol,0.5.11,Ethskytrix
0xa854184bd106ec2529f9840bdf2512ffdae71515.sol,0.4.19,MyToken
0xade00c28244d5ce17d72e40330b1c318cd12b7c3.sol,0.6.12,ADXToken
0xb3e7a25368fe0cbc65f638454733cde721d86f72.sol,0.5.16,TestToken
0xB55AAd20a6c310a5E4B68C3fF1Abe5E3ba1B7fFb.sol,0.4.24,PermittedExchanges
0xb56b171c05d5ffcc623f8ee497ef1ce838179169.sol,0.5.12,ExchangeProxy
